zachinglis,,http://superhero-studios.com,zach@superhero-studios.com,137,80,True,United Kingdom,35
caius,Caius,http://caius.name/,,183,137,,"Shropshire, UK",291
dbarros,,www.heyboyo.com,,16,20,True,"Melbourne, Australia",45
defeated,,,,33,49,,"New Boston, NH, US",83
benaldred,,http://tinycodefactory.com,,24,44,True,Manchester,35
masaki,,https://about.me/ikasam_a,masaki.nakagawa@gmail.com,138,151,,"Yokohama, Japan",55
daveverwer,,http://daveverwer.com,,454,31,,,24
johnl,johnleach,https://johnleach.co.uk/,john@johnleach.co.uk,90,31,,"West Yorkshire, United Kingdom",45
urbanwide,,http://www.urbanwide.com,deb@urbanwide.com,27,34,,,11
wjessop,,https://willj.net/,will@willj.net,91,17,,"Manchester, UK",90
ejs,,,eddsax@googlemail.com,23,18,,UK,17
rahim,,http://rah.im,,42,71,,"Leeds, UK",40
TheHodge,thehodge,http://www.thehodge.co.uk,github@hodgetastic.com,28,24,,"Leeds, England",11
andrewdisley,,http://simplified.co.uk/,,69,78,True,"Manchester, UK",26
rjlee,,http://rjlee.net,,34,14,,Leeds,19
jamesrose,,,,21,48,,"London, UK",22
galooph,,http://codeenigma.com,dan.smith@codeenigma.com,30,53,,Alsager,5
djgraham,,http://www.welovetoruby.com,david@welovetoruby.com,33,47,,"Blackrod, Bolton, Lancashire, UK",45
jeremyjarvis,,http://jeremyjarvis.me,,15,8,,"Leeds, UK",5
DHS,,,,59,191,,,19
notasausage,notasausage,http://patrickhaney.com,patrick@hanerino.com,31,50,True,"Covington, KY",11
ahmetabdi,ahmet1up,https://ahmet.pro,ahmetabdi@gmail.com,670,52757,True,London,152
JSansalone,,https://twitter.com/JSansalone_,,263,4049,True,"Sao Paulo, Brazil",8
angusshire,,,angus.hung@berkeley.edu,12102,229017,True,"Berkeley, CA",18
14085745,,,,3,38,,,2
Fluen,,,,189,13668,,,0
ky-bot,,,,251,10902,,China,1
Kushal334,kushal95880855,https://github.com/Kushal334,kushalshingote2@gmail.com,464,4393,,"Mumbai, Maharashtra",52
