fabricionaweb,fabricionaweb,fabricio.dev,fabricionaweb@gmail.com,89,160,True,Portugal,88
suissa,,,jnascimento@gmail.com,2408,211,True,Anywhere,718
powerbits,,http://powerbits.blogspot.com,rodrigofeitosa@gmail.com,8,14,,"Teresina, Piauí, Brasil",6
franciosi,franciosi,,andre@franciosi.org,51,446,,,135
elimisteve,elimisteve,https://tryingtobeawesome.com/,steve@tryingtobeawesome.com,434,1330,True,"San Francisco, CA",370
fitorec,fitorec,http://fitorec.wordpress.com/,chanerec@gmail.com,53,55,True,Where I can,104
rcnascimento,,,,13,30,True,Planet Earth,8
rafaeletc,rafaeletc,http://rafaeletc.github.io,,30,166,,"São Paulo, SP, Brasil",14
pauloevaristo,,,,1,8,,,1
gilsondev,gilsonfilho,http://gilsondev.in,me@gilsondev.in,274,515,True,"Brasília, Brazil",95
danielcorrea,,http://danielcorrea.me,danielfbc@gmail.com,10,10,,BH,5
vorburger,vorburger,http://www.vorburger.ch,mike@vorburger.ch,260,122,True,Switzerland,382
luizwbr,luizwbr,http://weber.eti.br,luiz.weber@pm.me,74,249,True,"Cascavel, PR - Brazil",49
benrussell,,http://x-plugins.blogspot.com,br@x-plugins.com,25,33,True,"Byron Bay, Australia",7
jcemer,,http://jcemer.com,,638,64,,Amsterdam,36
rcarrieche,,,rca.zero@gmail.com,9,18,True,Angra dos Reis,4
moosh3,,alecc.dev,aleccunningham96@gmail.com,29,125,,"Chicago, IL",127
Aleuck,,https://agata.leuck.dev,,12,13,,"Rio Grande do Sul, Brasil",27
ronildo,,http://www.ronildo.com.br,,20,23,True,Fort Lauderdale - FL,31
juliopontes,,, juliopfneto@gmail.com,57,35,,Fortaleza,32
berlanda,,http://www.joomlacalango.org/joomlagovbr,rafaelberlanda@gmail.com,40,8,,Brazil,4
martin12333,,https://www.reddit.com/user/martin_m_n_novy,,28,572,,,152
jacksonfdam,,http://www.jacksonfdam.com,jacksonfdam@gmail.com,156,169,True,Porto Alegre - RS - Brazil,255
andrewsfg,,http://andrecomws.com,andrewsfg@gmail.com,60,220,True,Sao Paulo,6
icarosimoes,icarosimoes,http://icarosimoes.com.br,,4,12,,Salvador - BA,1
josemalcher,josemalcher,https://josemalcher.net,contato@josemalcher.net,892,4829,True,Brazil,632
pedrorenan,,www.prte.com.br,pedrorenan@gmail.com,63,9,,Covilhã - Castelo Branco - Portugal,22
ivanramosnet,,ivan.ramos.name,,13,22,,,23
AlexCorrea,,,,2,1,,,0
felipeands,,http://www.felipeandrada.com.br,felipe.andrada@gmail.com,8,5,True,Brazil,64
augusto-herrmann,,https://herrmann.tech,augusto+github@herrmann.tech,208,113,,"Brasília, DF, Brazil",62
evansantos,,https://www.evansantos.tech,evan.its.me@gmail.com,99,301,True,"Katowice, Poland",52
israelcena,israelcena,https://israelcena.com.br,israelsjm@gmail.com,21,121,True,Rio de Janeiro - Brazil,42
littlehaker,,,littlehaker@gmail.com,97,516,,"Chengdu, China",60
fastslack,,https://www.matware.com.ar,maguirre@matware.com.ar,39,83,True,"Bussum, Netherlands",44
cristianobecker,,http://cristianobecker.com,,38,94,,Porto Alegre,8
dheyfesson,,http://dheyfesson.github.io,,1,8,True,Porto Alegre,20
nschonni,nschonni,,nschonni@gmail.com,439,836,,"Ottawa, Ontario, Canada",612
jclins,,http://www.ideianaweb.com.br,jclins@gmail.com,1,8,,São Paulo - Brz,8
bcdonadio,bcdonadio,https://www.bcdonadio.com,bcdonadio@bcdonadio.com,35,10,True,"Porto Alegre, Brazil",20
inariksit,,https://inariksit.github.io,inari.listenmaa@gmail.com,63,43,,Singapore,47
shamio,,,,629,12427,,,1
lalilulelost,,https://www.linkedin.com/in/arsaccol/,arsaccol@gmail.com,30,147,True,Brazil,24
morvanabonin,morvanabonin,https://www.linkedin.com/in/morvanabonin,morvanabonin@gmail.com,93,58,True,Brasil,34
mathiasfls,,https://www.mathiasfelipe.com/,,22,649,True,"Copenhagen, Denmark",351
ronenhamias,,http://scalecube.io,ronen.hamias@gmail.com,1514,25549,,https://exberry.io/,47
girol,,,,95,148,,Brazil,71
mallikarjunece,mallikarjunece,https://github.com/mallikarjunece/ama,mallikarjunece@gmail.com,104,4089,True,Chennai,92
ncortezrj,,https://twitter.com/NataliaMazotte,ncortezrj@gmail.com,49,42,,São Paulo,9
joleques,,,joleques@gmail.com,14,23,,Brazil,28
rbsilva,,,rbsilva.ti@gmail.com,27,49,,Campinas - SP Brasil,22
ariadnepinheiro,ariadnepinheiro,,,59,18,,Rio de Janeiro - RJ - Brasil,18
duartefq,,,duartefq@outlook.com,45,42,True,"Kingston, Canada",38
erickncnunes,,http://www.encti.com.br,erick.nunes.carvalho@gmail.com,14,38,,Brasil,6
abreurafaelmaia,,,abreurafaelmaia@gmail.com,36,155,,Campinas/SP - Brasil,21
Uriel29,,http://cckjoomla.org,,17,15,,Guamiranga Paraná,54
apachaves,apachaves,http://apachaves.github.io,andersonpachaves@gmail.com,31,154,True,"Paris, France",7
vanessametonini,vanessametonini,,vanessametonini@pm.me,1631,216,,Brazil,74
amaurycatelan,amaurycatelan,git.io/amaurycatelan,amaurycatelan@pm.me,73,534,,"37.323732,-122.0322746",57
HermesMacedo,,,,0,27,,,2
kvnol,kvnol,https://kevinoliveira.com.br/,me@kevinoliveira.com.br,1422,10335,True,São Paulo,161
jonypepe,,www.googleninja.co.uk,jonypepe@hotmail.com,1,1,True,UK,1
rafaelvinicius,,,rafaelviniciusweb@gmail.com,0,5,True,São Paulo / SP,6
kivervinicius,,www.kiver.com.br,kivervinicius@hotmail.com,110,322,True,Tangara da Serra - MT / Brazil,13
woliveiras,_malabarizando,https://woliveiras.com.br/,,1707,729,True,Brazil,75
flpms,flpms,https://flpms.me,filipemelodasilva@gmail.com,76,177,True,Barueri / SP - Brazil,71
ljmf00,ljmf00,https://lsferreira.net/,contact@lsferreira.net,120,1012,True,"Leiria, Portugal",190
leonardoRC,,http://leonardorc.github.io/leonardorc.com.br/,leonardo@octadigital.com.br,2,2,,Brasil,17
pfrozi,pfrozi,,,6,39,,,47
IanRamosC,,http://ianramosc.github.io,,85,250,True,"Fortaleza, Ce",30
welksonramos,,,welksonr@hotmail.com,47,137,,,26
angusshire,,,angus.hung@berkeley.edu,12102,229018,True,"Berkeley, CA",18
guilmour,,http://guilmour.org,guilmour@alunos.utfpr.edu.br,72,75,,LibreGit.org,42
hsouza90,,,hudsonsouza@workmail.com,17,22,,Rio de Janeiro,7
Pauloaraxa,,,pauloaraxa@gmail.com,1,18,,Araxá - MG - Brasil,17
cdiegosr,,baiahacker.space,,13,31,,Porto Feliz,4
danieldsf,danieldsfphb,,daniel.dsfarias@gmail.com,518,2767,True,Parnaíba - PI - Brazil,7
milo-trujillo,illegaldaydream,https://backdrifting.net,,78,154,True,Cyberdelia,38
pedrogustavo,pedrogustavo_,http://pedrogustavo.com,pedro.gomes@mundipagg.com,22,47,,Rio de Janeiro,18
claudioog,,,claudioog@gmail.com,0,1,,,1
gstvribs,gstvribs,,gu_ribeiro@live.com,53,133,True,Brazil,5
josemauromani,,,josemauromani@gmail.com,48,281,True,"Bauru,SP",55
mitotesarvivo,,,,0,1,,,0
ben-hurmorais,,,,1,3,,,1
tauheedul,,,,3,22,,,8
rudamaia,,,rudamaia@gmail.com,12,105,,Rio de Janeiro,12
borntoleave,,http://borntoleave.github.io,rzlib2l@gmail.com,66,28,True,,39
Dkmister,,dkmister.github.io,vdaneto@inf.ufrgs.br,45,59,,"Porto Alegre, Brazil",42
rafael1995,,,,27,56,,Uberlandia,38
RafaelSch,,,,1,1,,,7
jcbecker,,,beckerjc95@gmail.com,56,310,,"Porto Alegre, Brazil",22
xgraph-vip,,xgraph.vip,,34,5150,,,1
thiagohofmeister,thihofmeister,https://linktr.ee/thiagohofmeister,thiago.hofmeister@gmail.com,18,63,,"Porto Alegre, Brasil",31
evandojunior,,https://evandojunior.github.io,evando.junior@live.com,72,406,True,,96
carvalhobruno,,,,16,2,,,7
thiagolacerdadesouza,,https://br.linkedin.com/in/thiagolacerdadesouza,,53,760,True,Belo Horizonte,24
JoaoArtur,,https://jasolutions.tech/,contato@joaoartur.com,154,279,True,Novo Hamburgo - RS / Brazil,35
arateus,,,arateus.meneses@gmail.com,1,4,,,3
Levilian,,,,21,318,,,79
Lawendt,,https://lawendt.github.io/,luiz.wendt@outlook.com,29,39,,"RS, Brazil",14
cafecomlucas,,cafecomlucas.dev,,16,5,True,São Paulo - SP,9
Suburbanno,suburbanizar,suburbanno.rocks,rodriguessv30@gmail.com,238,155,True,"Pernambuco, Brazil",17
sanrodrigues,,https://www.sandrorodrigues.net,contato@sandrorodrigues.net,10,4,True,"Palhoça, SC",10
fanny,fannyvieiira,https://fanny.github.io,fannyvieira082@gmail.com,276,176,,Brazil.,52
ubeast,,,,1,12,,,29
iatacodes,airlabs_co,https://www.airlabs.co/?utm_source=github&utm_medium=profile,github@airlabs.co,156,5178,,London,10
angww,,http://www.twitter.com/angw_,,10,37,,"Porto Alegre, RS, Brasil",14
jdflorencio,,,,10,17,True,Teixeira de Freitas,23
chaitanya11,,,,7,30,,,59
devttt,,,,6,3,,,1
fpchemical,,,,67,109,True,,53
vallef-meroj,,,,9,25,,Barra do Garças - MT,21
felix0913,,,,0,13,,,34
fraumarie,,,,1,2,,,0
nikimanoledaki,,,,23,26,,Cloud,68
cassianopt,,,,0,1,,,0
leticiamrosa,lemonoob,https://www.linkedin.com/in/leticiamonteirorosa/,leticiamonteiro.design@gmail.com,150,117,True,Brazil - São Paulo,117
robsmayer,,,robsmayer21@gmail.com,6,5,,"Porto Alegre, Brazil",6
EduardoJM,edu_js_o,https://eduardojm.github.io/,eduardo_y05@outlook.com,272,605,True,"Anápolis, Goiás, Brasil",36
icoffani,,,isacoffani1@gmail.com,18,9,,,1
Kimvaleirao,,http://kimvaleirao.github.io/ ,kimvaleirao@gmail.com,1,3,,"Pelotas, Brazil",2
cadilhe,,kanimambo.net,carlos.cadilhe@aluno.ifsp.edu.br,3,2,True,Brazil,20
gabrielcolling,,,,1,1,,,0
emanuelrosa,,http://emanuelrosa.ca,,36,278,,,146
WLCPereira,,https://www.linkedin.com/in/wlcpereira,wn.pereira@outlook.com,12,21,,São Paulo,5
luisangelorjr,luisangelorjr,https://luisangelorjr.com.br,luisangelorjr@gmail.com,108,391,True,São Paulo - SP - Brazil,58
ddtaoli,,,,3,6,True,Porto Alegre - Brazil,4
IzaacBaptista,,https://izaacbaptista.github.io/portfolio/,izaacbaptista@gmail.com,386,2462,True,Joinville - Santa Catarina,38
pavantyagi,,,,8,31,,"Chicago,USA",312
joaodoerre,,,,1,5,,,2
hygorNunes,HygorNunes2,,hygorn29@gmail.com,2,7,,"Salvador, BA - Brazil",9
marcoscravero2175,,,marcoscravero2175@gmail.com,21,302,True,Buenos Aires,51
T-Jedsada,officialjedsada,https://medium.com/@officialjedsada,jedsada.t@20scoops.net,731,7167,True,Chiang Mai,649
brunocs86,,,,7,29,,,100
vasilemarin,,,,58,376,True,Bucharest,84
AlyoshaS,ikiba,,,178,359,,"Rio Grande do Sul, Brazil.",54
betafcc,,,betafcc@gmail.com,18,34,True,Lisbon,50
Tales313,,,,26,39,,João Pessoa - PB,27
FilippeNatan,,,filippe_natan@hotmail.com,5,9,,Belo Horizonte - Minas Gerais - Brasil,6
analistajcm,,,,0,1,,,2
Kissabi,,,,3,2,,Angola,10
renatonerijr,,,,20,46,,Palhoça / SC,10
yurilpbh,,,,6,12,True,"Belo Horizonte, Brasil",10
rodriguesJeff,rodriguesjeffdv,https://startcom.dev,rodriguesjeff.dev@gmail.com,22,17,True,Recife - PE,22
Alamineeejkkniu,,Alamineeejkkniu,,8,210,," Jatiya Kabi Kazi Nazrul Islam University,Trishal,Mymensingh.",6
dorivaltrindade,,https://www.linkedin.com/in/dorivaltrindade/,,1,1,,Brasil,6
opengineer,,,,2959,54858,,"Tokyo, Japan",22
evertoncolling,,,,5,4,,"Oslo, Norway",4
JezraelEliezer,,,,2,6,,,1
MafujShikder,MafujShikder,www.instagram.com/mafuj_shikder/,,1397,33272,True,wa.me/+8801793875024,23
elivieira,,https://genetici.st,,6,2,True,"Brasília, Brazil",2
vitormazzeo,,https://heartdevs.com,,6,75,,"Valença-RJ, Brazil",2
joseantoniolopezlorenzo,JallProfesor,,jall.informatico@gmail.com,8,86,,"Vigo, Spain",24
GustavoDuregger,,https://dribbble.com/GustavoDuregger,,40,56,True,"São Paulo, Brasil",35
ge17779,,,,2,6,,,7
WilliamYizima,,william.yizima@hotmail.com,,15,21,,São Paulo - SP,21
tooruSL,,,fabianosl.dev@gmail.com,4,3,,"Rio de Janeiro, Brazil",7
Leticiasb,,,,9,14,,,15
lmarcioabreu,,,,0,1,,,1
VitorEmanuelDev,,https://linktr.ee/vitoremanueldev,,259,1056,True,Brazil,95
douglasdom,,,,0,9,,,0
NoahDrucker,,https://github.com/Smartproxy/Smartproxy,,834,19074,,Netherlands,0
josesiqueira,,,,7,6,,Brasília,10
romanofficial,romanofficialbd,https://www.linkedin.com/in/romanofficial/,roman.shaon@gmail.com,2113,23777,True,"Dhaka, Bangladesh",42
igorifaresi,,,,3,3,,,17
daviNGL,,,,3,3,,São Paulo - SP,13
samsepiol1,,,,2,2,,Natal/RN,11
UGA-ITOSHumanitarianGIS,,https://gistmaps.itos.uga.edu/arcgis/rest/services,,16,15,,"Athens, GA for worldwide support",6
jeandbg,,,,2,6,,,1
josealvesmacieljunior,JoseAlvesMacie3,www.facebook.com/jose.alvesmacieljunior.5,,179,4151,True,Goiania/Goias/Brasil,53
ThesllaDev,,linkedin.com/in/thalles-augusto,ThesllaDev@gmail.com,31,36,True,"São José do Rio Preto, São Paulo, Brasil",68
portogentebot,,,,1,1,,,0
serhaza,,,,1,1,,,0
gabrielferrazduque,,,,645,9921,,,29
sharkbait2,,,,103,953,,,0
