jwoertink,jeremywoertink,https://luckyframework.org/,,165,95,,"Las Vegas, NV",156
diclophis,,https://risingcode.com,,100,833,,Cincinnati,109
thehashrocket,,http://jasonshultz.com,,25,43,True,"Modesto, CA",184
wGEric,,http://www.ericfaerber.com,,15,8,,"Salt Lake City, Utah",22
zcid,,,,6,7,True,Tennessee,20
vidkun,,,,20,23,True,,54
rickdav,,,,12,51,,,0
nspriego,,,nspriego@gmail.com,13,17,True,"SLC, UT",19
brenthosie,,,brenthosie@gmail.com,8,2,,,14
PoetsRock,,,chris@christanseer.com,12,37,,NYC,38
joesturz,,,joesturz84@gmail.com,7,18,True,,23
QuintinAdam,,www.quintinadam.io,quintinjadam@gmail.com,62,74,True,Remote,60
soolaimon,,https://github.com/soolaimon,davidicus21@gmail.com,24,21,True,"Riverton, UT",45
paveljurca,,,,51,548,True,"{""city"" : ""Prague, CZ""}",55
irishgordo,,https://www.linkedin.com/in/michael-russell-slc/,michael.j.russell.email@gmail.com,51,454,True,"Las Vegas, NV",106
wcski,,,,7,22,True,"Cary, NC",4
hayes4848,,,andythemanhayes@hotmail.com,10,4,,,51
AndyWendt,,https://commandz.io,,265,899,True,"Greater Salt Lake City, Utah",67
Rubiromi,,www.nakedlens.us,hiromi.deyoung@gmail.com,14,18,True,Utah,39
justindruiz,,http://justinruiz.com,justinruizwrestling@gmail.com,13,31,True,,31
CodyStringham,,,,32,32,,Salt Lake City,34
wjliang22,,www.devpointlabs.com,,6,9,,"Salt Lake City, Utah",6
JoshuaCloward,,,,15,14,,,11
henningsadam,,,,8,16,,,3
Triprime,,,,9,13,,,9
makenaw,,,,7,9,,,5
sbercus10,,medycation.com,shawn.bercuson@gmail.com,8,19,,SF,6
grizlette,,,,6,10,,,12
jeasmith,,jamiedoesdev.com,,3,8,,"Bristol, UK",2
KatherineMuedas,,,,33,48,True,Remote,50
LiaKitamura,,,,22,15,True,,48
ezpiano321,,,,0,1,,,0
coons5,,,,0,1,,,0
kushader,,,,0,1,,,3
cincospenguinos,andreCLaFleur,,cincospenguinos@gmail.com,12,18,True,Salt Lake City,88
arturoromeroslc,,,artromero801@gmail.com,62,82,True,"Portland, Oregon",96
PeytonsProfile,,http://peytoncaseria.com/,peytoncaseria@gmail.com,221,744,True,"SLC, UT",13
annemnichols,,,anne@seantnichols.com,12,7,True,"Salt Lake City, Utah",25
FinweNoldoran,,,,1,2,,,3
tysonvanburen,,,tysonvanburen444@gmail.com,9,13,True,,25
Rcamach,,,rudyecamacho@gmail.com,9,12,,,7
kennytrionfo,,KenTrionfo.com,,14,16,True,"Salt Lake City, Utah",83
LandonWest,Lando726,www.landonericwest.com,,15,16,True,Indiana,64
kcotugno,,,kevin@kevincotugno.com,10,23,,"Phoenix, AZ",17
curtismckee,,https://curtismckee.com,contact@curtismckee.com,43,46,True,"Salt Lake City, UT",4
kudoku,,https://kudoku.herokuapp.com/,,4,4,True,,39
Pwalker86,,,,23,21,,"Salt Lake City, UT",25
alexand3rsc0tt,,,,2,10,,,25
ErikBurton,,,erikburton1@gmail.com,9,21,,"St. Augustine, Florida",16
paulcox24,,,,20,18,True,Salt Lake City,25
derekdapp,,,,15,2,,,30
kmmurphy88,,,km86463@gmail.com,8,12,,,23
marcos-gonzales,,,markymarrk@gmail.com,6,10,,,21
evja,,,,3,9,,,31
cwcarlson10,,,cwcarlson10@gmail.com,7,7,,,42
cartervisuals,,,cartervisuals@gmail.com,6,18,,Southern Utah,7
SabinaShrestha,,,s.sabina110@gmail.com,19,29,True,"Salt Lake City, Utah",53
jakemoldham,,jakeoldham.com,,25,34,,,36
sleepingarmy,,,rsm.thomas@gmail.com,15,7,,,29
indifferentghost,,ThomasDillard.com,Thomas.Dillard.studios@gmail.com,72,95,True,"Phoenix, AZ",150
stephyc93,,,,4,18,,Utah,10
higgyCodes,,,,28,27,,DC,50
darrendbell,,,,5,9,,Las Vegas,2
JennyLi90,,,,7,43,,,30
ChrisWcs,,Chriswcs.github.io,,19,109,,"Salt Lake City, Utah",79
JasonSteck,,,,4,2,,,10
johnta0,,linkedin.com/in/j0hnta,,32,59,True,Tokyo,71
lilarkin,,,lindsay.larkin@gmail.com,2,12,True,"Salt Lake City, UT",41
maxwashington,,www.maxwashington.com,max.washington@icloud.com,1,8,,Minneapolis,79
denizkb3,,,,3,18,,,1
Nidhi-HR,,,,30,1082,,,0
